actual,model,prediction,probability
1,Characteristics Only,0,0.3172500763973433
1,Characteristics Only,1,0.7861746272837159
0,Characteristics Only,1,0.6052549866980714
0,Characteristics Only,0,0.3672220880123547
1,Characteristics Only,1,0.6319368400371026
1,Characteristics Only,1,0.5101719734651924
0,Characteristics Only,0,0.1871339580567692
0,Characteristics Only,0,0.27135629096816066
0,Characteristics Only,0,0.28974640555272296
1,Characteristics Only,1,0.8534290160456683
1,Characteristics Only,0,0.3455805190727504
0,Characteristics Only,0,0.45812818905909103
1,Characteristics Only,1,0.514482755117208
0,Characteristics Only,1,0.7052173629132017
1,Characteristics Only,0,0.26696883848575925
0,Characteristics Only,0,0.47087989293877697
0,Characteristics Only,0,0.4021737676639637
0,Characteristics Only,0,0.3265681705815078
1,Characteristics Only,1,0.5300674175985366
1,Characteristics Only,0,0.3345732142173542
0,Characteristics Only,0,0.23994330671462522
1,Characteristics Only,1,0.5300674175985366
1,Characteristics Only,0,0.35418714565671994
1,Characteristics Only,0,0.45202637578620053
0,Characteristics Only,0,0.4112818098153653
0,Characteristics Only,0,0.4670044116276315
1,Characteristics Only,0,0.2990406995566465
1,Characteristics Only,1,0.9044943236890773
1,Characteristics Only,1,0.5135209728784945
0,Characteristics Only,0,0.37204461874489253
1,Characteristics Only,0,0.4912505515901595
1,Characteristics Only,1,0.5135209728784945
1,Characteristics Only,0,0.4670044116276315
0,Characteristics Only,0,0.23994330671462522
0,Characteristics Only,0,0.23994330671462522
1,Characteristics Only,0,0.23994330671462522
0,Characteristics Only,0,0.49512240881671127
1,Characteristics Only,0,0.23994330671462522
0,Characteristics Only,0,0.2808118597372025
1,Characteristics Only,0,0.45812818905909103
1,Characteristics Only,0,0.4670044116276315
1,Characteristics Only,0,0.39176428669251123
0,Characteristics Only,0,0.47855835500603555
0,Characteristics Only,0,0.3265681705815078
0,Characteristics Only,0,0.1657141594553341
0,Characteristics Only,0,0.2824538705121495
0,Characteristics Only,0,0.132555808299558
1,Characteristics Only,1,0.8615316967393776
1,Characteristics Only,0,0.4561140902239681
0,Characteristics Only,0,0.14943375421588487
1,Characteristics Only,0,0.23812927629172195
0,Characteristics Only,0,0.4199783888585668
0,Characteristics Only,1,0.5300674175985366
0,Characteristics Only,1,0.560097561376311
0,Characteristics Only,0,0.2808118597372025
0,Characteristics Only,0,0.40183397161039924
1,Characteristics Only,0,0.4752146352345357
1,Characteristics Only,0,0.39628018874909404
1,Characteristics Only,0,0.467842097630002
1,Characteristics Only,0,0.45812818905909103
1,Characteristics Only,0,0.2774936447337883
0,Characteristics Only,0,0.4912505515901595
0,Characteristics Only,0,0.2928545683679486
0,Characteristics Only,0,0.2808118597372025
1,Characteristics Only,0,0.2737645251078532
0,Characteristics Only,0,0.27842183772518586
0,Characteristics Only,0,0.4176271623158887
0,Characteristics Only,0,0.48435677493745816
0,Characteristics Only,0,0.48685427518906615
0,Characteristics Only,0,0.40183397161039924
0,Characteristics Only,0,0.1871339580567692
1,Characteristics Only,0,0.3337029856664356
0,Characteristics Only,0,0.1909481593132973
0,Characteristics Only,1,0.5101719734651924
1,Characteristics Only,0,0.4199783888585668
0,Characteristics Only,0,0.3265681705815078
1,Characteristics Only,0,0.3666384389060344
0,Characteristics Only,0,0.4144669693566529
0,Characteristics Only,0,0.26696883848575925
0,Characteristics Only,0,0.23407722701954697
1,Characteristics Only,1,0.8234320171318182
0,Characteristics Only,0,0.35418714565671994
0,Characteristics Only,0,0.4912505515901595
1,Characteristics Only,0,0.2928804117795944
0,Characteristics Only,1,0.560097561376311
1,Characteristics Only,0,0.4670044116276315
1,Characteristics Only,0,0.369649181452551
0,Characteristics Only,0,0.29783891578466254
0,Characteristics Only,1,0.52280847563273
0,Characteristics Only,0,0.39628018874909404
0,Characteristics Only,0,0.39628018874909404
0,Characteristics Only,0,0.30360967728021704
1,Characteristics Only,0,0.4199783888585668
0,Characteristics Only,0,0.2824538705121495
1,Characteristics Only,0,0.24194818411129404
1,Characteristics Only,1,0.8517444359638175
0,Characteristics Only,0,0.37217821117704275
0,Characteristics Only,0,0.29783891578466254
0,Characteristics Only,0,0.45441977415729734
0,Characteristics Only,0,0.23994330671462522
1,Characteristics Only,1,0.6329032811066676
0,Characteristics Only,0,0.1451536659098595
0,Characteristics Only,0,0.37217821117704275
0,Characteristics Only,0,0.15229091614222265
1,Characteristics Only,1,0.6301362189100878
1,Characteristics Only,1,0.5352787779702176
0,Characteristics Only,1,0.8956223186705601
0,Characteristics Only,0,0.4670044116276315
0,Characteristics Only,1,0.6319368400371026
0,Characteristics Only,0,0.47221878829871267
1,Characteristics Only,0,0.39176428669251123
1,Characteristics Only,1,0.6057507538421602
0,Characteristics Only,1,0.560097561376311
0,Characteristics Only,0,0.4561140902239681
0,Characteristics Only,0,0.441372508519031
0,Characteristics Only,0,0.2470284651780137
0,Characteristics Only,1,0.5362652877549231
0,Characteristics Only,1,0.6086991614330692
1,Characteristics Only,0,0.24378199760960073
0,Characteristics Only,0,0.4670044116276315
1,Characteristics Only,1,0.6301362189100878
0,Characteristics Only,0,0.37217821117704275
1,Characteristics Only,1,0.8222489047756396
1,Characteristics Only,1,0.5300674175985366
0,Characteristics Only,0,0.4362172243939082
1,Characteristics Only,1,0.5300674175985366
0,Characteristics Only,0,0.40183397161039924
1,Characteristics Only,0,0.4725387965875944
0,Characteristics Only,0,0.47087989293877697
0,Characteristics Only,0,0.1649221217136492
0,Characteristics Only,1,0.8696372383752737
1,Characteristics Only,1,0.5412954723422769
1,Characteristics Only,1,0.5300674175985366
1,Characteristics Only,1,0.7861746272837159
0,Characteristics Only,0,0.1465443298554297
0,Characteristics Only,0,0.3303739269045118
0,Characteristics Only,1,0.5473823124970738
0,Characteristics Only,0,0.14498387074049002
1,Characteristics Only,0,0.14943375421588487
0,Characteristics Only,0,0.17191223064065397
1,Characteristics Only,0,0.49512482097684407
0,Characteristics Only,0,0.2894032071647715
0,Characteristics Only,0,0.29783891578466254
1,Characteristics Only,0,0.48435677493745816
0,Characteristics Only,0,0.2672368427991555
0,Characteristics Only,1,0.7052173629132017
0,Characteristics Only,0,0.3589902818394656
1,Characteristics Only,0,0.39628018874909404
0,Characteristics Only,1,0.6317189606473199
0,Characteristics Only,0,0.44740419234759016
1,Characteristics Only,0,0.37217821117704275
1,Characteristics Only,0,0.4148842096101651
0,Characteristics Only,1,0.6086991614330692
0,Characteristics Only,0,0.39628018874909404
0,Characteristics Only,0,0.4715653725403161
1,Characteristics Only,0,0.34893311470826277
0,Characteristics Only,0,0.14498387074049002
1,Characteristics Only,0,0.2672368427991555
0,Characteristics Only,0,0.23994330671462522
1,Characteristics Only,1,0.6057507538421602
0,Characteristics Only,0,0.3672220880123547
1,Characteristics Only,1,0.5300674175985366
0,Characteristics Only,0,0.29120238638716406
1,Characteristics Only,0,0.23994330671462522
0,Characteristics Only,0,0.34086584371515605
1,Characteristics Only,1,0.6214874649042088
1,Characteristics Only,0,0.4378550648983778
0,Characteristics Only,0,0.45812818905909103
0,Characteristics Only,1,0.6573216333704028
0,Characteristics Only,0,0.23994330671462522
1,Characteristics Only,1,0.8630130517630225
0,Characteristics Only,0,0.15897715153464267
0,Characteristics Only,0,0.2824538705121495
0,Characteristics Only,1,0.560097561376311
1,Characteristics Only,1,0.5015691344587129
1,Characteristics Only,0,0.23994330671462522
1,Characteristics Only,1,0.5794864802683489
1,Characteristics Only,1,0.5300674175985366
0,Characteristics Only,0,0.2824538705121495
0,Characteristics Only,0,0.39176428669251123
0,Characteristics Only,0,0.4199783888585668
1,Characteristics Only,0,0.4176271623158887
0,Characteristics Only,1,0.5266152213433074
0,Characteristics Only,0,0.4795192004233237
1,Characteristics Only,0,0.4561140902239681
1,Characteristics Only,1,0.560097561376311
0,Characteristics Only,1,0.5280286587664462
0,Characteristics Only,0,0.25212635477448214
1,Characteristics Only,0,0.4816257654860357
1,Characteristics Only,0,0.2990406995566465
0,Characteristics Only,0,0.45812818905909103
0,Characteristics Only,0,0.34086584371515605
0,Characteristics Only,0,0.47855835500603555
1,Characteristics Only,0,0.35897437247541836
0,Characteristics Only,0,0.39176428669251123
0,Characteristics Only,0,0.4442560297487743
0,Characteristics Only,0,0.37217821117704275
1,Characteristics Only,1,0.6086991614330692
1,Characteristics Only,1,0.8307628026370364
0,Characteristics Only,0,0.32287281822718766
1,Characteristics Only,1,0.6086991614330692
1,Characteristics Only,0,0.2928804117795944
0,Characteristics Only,0,0.3982515970841741
0,Characteristics Only,0,0.17205036803999976
1,Characteristics Only,0,0.39628018874909404
0,Characteristics Only,0,0.40183397161039924
1,Characteristics Only,0,0.26696883848575925
0,Characteristics Only,0,0.4199783888585668
1,Characteristics Only,0,0.45812818905909103
1,Characteristics Only,0,0.37217821117704275
0,Characteristics Only,0,0.42877234984192797
0,Characteristics Only,0,0.4842303644453043
1,Characteristics Only,1,0.5253885763593941
0,Characteristics Only,1,0.5300674175985366
1,Characteristics Only,1,0.514482755117208
0,Characteristics Only,0,0.35418714565671994
0,Characteristics Only,0,0.4842303644453043
0,Characteristics Only,0,0.49512482097684407
1,Characteristics Only,0,0.456852560061521
0,Characteristics Only,1,0.5135209728784945
1,Characteristics Only,0,0.29783891578466254
0,Characteristics Only,0,0.23994330671462522
1,Characteristics Only,0,0.12703811390616043
1,Characteristics Only,1,0.6125877904793153
0,Characteristics Only,0,0.23994330671462522
1,Characteristics Only,0,0.3433689488479461
1,Characteristics Only,0,0.23994330671462522
0,Characteristics Only,1,0.5125432125328241
0,Characteristics Only,0,0.28318451305460446
0,Characteristics Only,1,0.514482755117208
0,Characteristics Only,0,0.45812818905909103
0,Characteristics Only,0,0.2874533570915491
0,Characteristics Only,0,0.1618471603772564
0,Characteristics Only,1,0.6057507538421602
1,Characteristics Only,0,0.4200436819889452
0,Characteristics Only,1,0.5352787779702176
0,Characteristics Only,0,0.40124977366671677
1,Characteristics Only,0,0.2990406995566465
1,Characteristics Only,1,0.560097561376311
1,Characteristics Only,1,0.560097561376311
0,Characteristics Only,1,0.5135209728784945
0,Characteristics Only,0,0.47855835500603555
0,Characteristics Only,0,0.45812818905909103
0,Characteristics Only,0,0.37858064981449385
1,Characteristics Only,1,0.5135209728784945
0,Characteristics Only,1,0.560097561376311
0,Characteristics Only,0,0.42365262507735807
1,Characteristics Only,0,0.31254819028098024
1,Characteristics Only,0,0.40183397161039924
0,Characteristics Only,0,0.45961480528851695
0,Characteristics Only,0,0.4601301445323429
0,Characteristics Only,0,0.4777595772314293
0,Characteristics Only,0,0.34086584371515605
0,Characteristics Only,0,0.27842183772518586
0,Characteristics Only,0,0.45812818905909103
1,Characteristics Only,1,0.6086991614330692
0,Characteristics Only,0,0.39628018874909404
1,Characteristics Only,0,0.3290644981908296
1,Characteristics Only,0,0.2512005375544863
0,Characteristics Only,0,0.37217821117704275
1,Characteristics Only,0,0.45812818905909103
0,Characteristics Only,1,0.5441478780043809
1,Characteristics Only,0,0.41997518469365347
0,Characteristics Only,0,0.2824538705121495
0,Characteristics Only,0,0.28399726001345577
0,Characteristics Only,1,0.5135209728784945
0,Characteristics Only,1,0.6317189606473199
1,Characteristics Only,1,0.5473823124970738
0,Characteristics Only,0,0.2824538705121495
0,Characteristics Only,0,0.3433689488479461
0,Characteristics Only,0,0.34893311470826277
0,Characteristics Only,0,0.39176428669251123
1,Characteristics Only,0,0.3433689488479461
1,Characteristics Only,1,0.8956223186705601
0,Characteristics Only,0,0.14943375421588487
1,Characteristics Only,1,0.6319368400371026
0,Characteristics Only,0,0.19579935902442377
0,Characteristics Only,1,0.5473823124970738
1,Characteristics Only,0,0.29005788993847215
0,Characteristics Only,0,0.36841085157895015
0,Characteristics Only,1,0.6052549866980714
0,Characteristics Only,0,0.37151329256452253
0,Characteristics Only,0,0.2672368427991555
0,Characteristics Only,0,0.28974640555272296
0,Characteristics Only,0,0.1998887618106974
0,Characteristics Only,1,0.5300674175985366
0,Characteristics Only,1,0.5473823124970738
0,Characteristics Only,0,0.4561140902239681
1,Characteristics Only,1,0.5135209728784945
1,Characteristics Only,0,0.48448688299392845
1,Characteristics Only,0,0.37217821117704275
1,Characteristics Only,0,0.3303739269045118
0,Characteristics Only,0,0.2808118597372025
1,Characteristics Only,0,0.4561140902239681
0,Characteristics Only,0,0.23994330671462522
0,Characteristics Only,0,0.45812818905909103
1,Characteristics Only,0,0.24378199760960073
1,Characteristics Only,0,0.4860195460753863
1,Characteristics Only,0,0.45812818905909103
0,Characteristics Only,0,0.3932454211078191
0,Characteristics Only,0,0.30947487924458944
1,Characteristics Only,0,0.37217821117704275
1,Characteristics Only,0,0.36237107624665943
0,Characteristics Only,0,0.47087989293877697
0,Characteristics Only,0,0.3083822083739059
1,Characteristics Only,1,0.8367339933913251
1,Characteristics Only,1,0.5300674175985366
0,Characteristics Only,0,0.29783891578466254
1,Characteristics Only,0,0.17205036803999976
1,Characteristics Only,1,0.560097561376311
1,Characteristics Only,1,0.6086991614330692
1,Characteristics Only,0,0.4148842096101651
0,Characteristics Only,1,0.5300674175985366
0,Characteristics Only,0,0.4816257654860357
1,Characteristics Only,0,0.39326451955639125
0,Characteristics Only,0,0.2808118597372025
1,Characteristics Only,1,0.7184744937598454
0,Characteristics Only,0,0.4021737676639637
0,Characteristics Only,0,0.3666384389060344
0,Characteristics Only,0,0.3303739269045118
1,Characteristics Only,0,0.2824538705121495
0,Characteristics Only,0,0.4670044116276315
1,Characteristics Only,1,0.5300674175985366
0,Characteristics Only,0,0.28399726001345577
1,Characteristics Only,0,0.3666384389060344
1,Characteristics Only,1,0.6301362189100878
1,Characteristics Only,0,0.3604049950576373
1,Characteristics Only,1,0.6086991614330692
1,Characteristics Only,0,0.35418714565671994
0,Characteristics Only,0,0.4062896158402319
0,Characteristics Only,1,0.5300674175985366
1,Characteristics Only,0,0.3664082680587322
1,Characteristics Only,0,0.39552381087522215
1,Characteristics Only,0,0.2560942814047728
1,Characteristics Only,0,0.48946045128955395
0,Characteristics Only,1,0.7582188026167668
0,Characteristics Only,0,0.2808118597372025
1,Characteristics Only,0,0.26696883848575925
0,Characteristics Only,0,0.48431404389069344
0,Characteristics Only,0,0.1855316819682612
1,Characteristics Only,1,0.7613325066181129
0,Characteristics Only,1,0.5339842242507754
1,Characteristics Only,0,0.2672368427991555
1,Characteristics Only,1,0.527002738584762
0,Characteristics Only,0,0.45812818905909103
0,Characteristics Only,1,0.6319368400371026
0,Characteristics Only,0,0.39176428669251123
1,Characteristics Only,1,0.6136740581240021
0,Characteristics Only,0,0.3433689488479461
0,Characteristics Only,0,0.45812818905909103
0,Characteristics Only,0,0.35418714565671994
0,Characteristics Only,0,0.24049409432167446
1,Characteristics Only,1,0.9295582441688489
0,Characteristics Only,1,0.7005766647777756
0,Characteristics Only,0,0.37204461874489253
0,Characteristics Only,0,0.39628018874909404
1,Characteristics Only,0,0.4715653725403161
1,Characteristics Only,0,0.18262051709214686
0,Characteristics Only,0,0.1649221217136492
0,Characteristics Only,1,0.6350019983659202
0,Characteristics Only,0,0.23368944396224026
1,Characteristics Only,0,0.4561140902239681
0,Characteristics Only,0,0.40412666055799906
0,Characteristics Only,1,0.5717196843517452
0,Characteristics Only,1,0.631248751968508
1,Characteristics Only,1,0.6352172495238784
0,Characteristics Only,0,0.49512482097684407
1,Characteristics Only,0,0.29723480915481626
0,Characteristics Only,0,0.46332961164594855
0,Characteristics Only,1,0.5155396403000767
1,Characteristics Only,1,0.8517444359638175
1,Characteristics Only,1,0.6426352436080089
0,Characteristics Only,0,0.4670044116276315
0,Characteristics Only,1,0.8234320171318182
1,Characteristics Only,1,0.6086991614330692
1,Characteristics Only,0,0.4816257654860357
1,Characteristics Only,1,0.5135209728784945
1,Characteristics Only,1,0.5154022598854863
0,Characteristics Only,1,0.6136740581240021
1,Characteristics Only,1,0.6319368400371026
1,Characteristics Only,0,0.26184190717671646
0,Characteristics Only,0,0.205938482639962
1,Characteristics Only,1,0.5187492320982693
0,Characteristics Only,0,0.26696883848575925
1,Characteristics Only,0,0.4303255653123746
0,Characteristics Only,0,0.37217821117704275
0,Characteristics Only,0,0.4442560297487743
0,Characteristics Only,1,0.5300674175985366
0,Characteristics Only,0,0.35418714565671994
1,Characteristics Only,1,0.6086991614330692
0,Characteristics Only,0,0.21721941748707266
0,Characteristics Only,1,0.5352787779702176
0,Characteristics Only,1,0.7861746272837159
0,Characteristics Only,0,0.23994330671462522
1,Characteristics Only,1,0.7164750689926822
0,Characteristics Only,0,0.42365262507735807
0,Characteristics Only,0,0.40183397161039924
0,Characteristics Only,1,0.7515640030399644
0,Characteristics Only,0,0.48685427518906615
0,Characteristics Only,1,0.6301362189100878
1,Characteristics Only,0,0.3019621579627374
1,Characteristics Only,1,0.7679831676541009
0,Characteristics Only,1,0.6086991614330692
1,Characteristics Only,1,0.5300674175985366
0,Characteristics Only,1,0.5135209728784945
1,Characteristics Only,1,0.7582188026167668
0,Characteristics Only,1,0.5101719734651924
1,Characteristics Only,0,0.3672220880123547
1,Characteristics Only,0,0.20960977002241796
0,Characteristics Only,1,0.527002738584762
0,Characteristics Only,0,0.37217821117704275
1,Characteristics Only,1,0.5352787779702176
1,Characteristics Only,0,0.4131203788838506
1,Characteristics Only,1,0.6057507538421602
0,Characteristics Only,0,0.45961480528851695
0,Characteristics Only,0,0.2808118597372025
0,Characteristics Only,1,0.7200361264699628
1,Characteristics Only,0,0.3492681397596994
0,Characteristics Only,0,0.37217821117704275
0,Characteristics Only,0,0.17205036803999976
0,Characteristics Only,1,0.6059120763442677
0,Characteristics Only,0,0.30360967728021704
1,Characteristics Only,0,0.23994330671462522
0,Characteristics Only,0,0.4878476366956222
0,Characteristics Only,0,0.45812818905909103
0,Characteristics Only,0,0.22438785004229225
0,Characteristics Only,0,0.3433689488479461
0,Characteristics Only,1,0.6319368400371026
0,Characteristics Only,1,0.514482755117208
0,Characteristics Only,0,0.39414325166272307
1,Characteristics Only,0,0.13278931463795804
0,Characteristics Only,1,0.6754737540982239
0,Characteristics Only,0,0.39176428669251123
1,Characteristics Only,1,0.631248751968508
1,Characteristics Only,1,0.560097561376311
1,Characteristics Only,1,0.560097561376311
1,Characteristics Only,0,0.43248795157996356
0,Characteristics Only,0,0.4062896158402319
0,Characteristics Only,0,0.45812818905909103
1,Characteristics Only,0,0.3537040236792578
0,Characteristics Only,0,0.1871339580567692
0,Characteristics Only,0,0.2824538705121495
0,Characteristics Only,0,0.29783891578466254
1,Characteristics Only,0,0.36237107624665943
0,Characteristics Only,0,0.2511963283939494
1,Characteristics Only,0,0.27557032679184457
0,Characteristics Only,0,0.4561140902239681
0,Characteristics Only,0,0.3618225445704346
0,Characteristics Only,0,0.4842303644453043
1,Characteristics Only,0,0.34086584371515605
0,Characteristics Only,0,0.23994330671462522
0,Characteristics Only,0,0.37204461874489253
1,Characteristics Only,0,0.3589902818394656
0,Characteristics Only,0,0.3921996698858649
1,Characteristics Only,0,0.4842303644453043
0,Characteristics Only,0,0.35418714565671994
0,Characteristics Only,0,0.37217821117704275
1,Characteristics Only,1,0.560097561376311
0,Characteristics Only,1,0.7582188026167668
1,Characteristics Only,1,0.7559943482844187
1,Characteristics Only,0,0.46332961164594855
0,Characteristics Only,0,0.4561140902239681
1,Characteristics Only,1,0.8615316967393776
1,Characteristics Only,1,0.5473823124970738
0,Characteristics Only,0,0.29783891578466254
1,Characteristics Only,1,0.560097561376311
1,Characteristics Only,0,0.45812818905909103
0,Characteristics Only,0,0.2808118597372025
1,Characteristics Only,1,0.631248751968508
0,Characteristics Only,0,0.37217821117704275
0,Characteristics Only,0,0.30474688844806236
1,Characteristics Only,1,0.6319368400371026
0,Characteristics Only,1,0.560097561376311
0,Characteristics Only,1,0.5300674175985366
0,Characteristics Only,0,0.40183397161039924
0,Characteristics Only,0,0.3196922151651813
0,Characteristics Only,0,0.3003294715902141
1,Characteristics Only,1,0.5300674175985366
0,Characteristics Only,0,0.2086684046239861
0,Characteristics Only,0,0.38414369338875326
0,Characteristics Only,1,0.5280286587664462
1,Characteristics Only,1,0.6301362189100878
1,Characteristics Only,1,0.5300674175985366
1,Characteristics Only,1,0.560097561376311
1,Characteristics Only,0,0.27135629096816066
0,Characteristics Only,0,0.15897715153464267
0,Characteristics Only,0,0.23070339686895938
0,Characteristics Only,0,0.15140659402215162
1,Characteristics Only,0,0.3666384389060344
1,Characteristics Only,1,0.514482755117208
0,Characteristics Only,0,0.4752146352345357
0,Characteristics Only,0,0.32287281822718766
0,Characteristics Only,0,0.15229091614222265
0,Characteristics Only,0,0.3069494658562051
0,Characteristics Only,0,0.2990406995566465
0,Characteristics Only,0,0.15229091614222265
1,Characteristics Only,0,0.3666384389060344
0,Characteristics Only,0,0.36023556124287787
0,Characteristics Only,0,0.37204461874489253
1,Characteristics Only,0,0.3019621579627374
1,Characteristics Only,0,0.4670044116276315
0,Characteristics Only,1,0.5652490378951456
0,Characteristics Only,1,0.5473823124970738
1,Characteristics Only,0,0.39176428669251123
0,Characteristics Only,1,0.6196553951983593
1,Characteristics Only,1,0.5300674175985366
1,Characteristics Only,0,0.17754734712555903
0,Characteristics Only,0,0.35418714565671994
1,Characteristics Only,0,0.1871339580567692
1,Characteristics Only,1,0.5300674175985366
0,Characteristics Only,1,0.6007402077334192
0,Characteristics Only,0,0.48431404389069344
0,Characteristics Only,0,0.17205036803999976
0,Characteristics Only,0,0.26696883848575925
1,Characteristics Only,1,0.560097561376311
0,Characteristics Only,0,0.3982515970841741
1,Characteristics Only,0,0.2551546120331446
0,Characteristics Only,0,0.40183397161039924
1,Characteristics Only,0,0.4496220768563965
1,Characteristics Only,0,0.35418714565671994
1,Characteristics Only,1,0.5525637400141797
1,Characteristics Only,1,0.5300674175985366
1,Characteristics Only,0,0.1871339580567692
1,Characteristics Only,0,0.36023556124287787
1,Characteristics Only,0,0.45812818905909103
0,Characteristics Only,0,0.4816257654860357
1,Characteristics Only,0,0.17951627873935036
1,Characteristics Only,0,0.39176428669251123
1,Characteristics Only,1,0.560097561376311
1,Characteristics Only,0,0.48435677493745816
0,Characteristics Only,0,0.17951627873935036
0,Characteristics Only,0,0.42140005842821604
0,Characteristics Only,1,0.5909818282462223
1,Characteristics Only,0,0.39628018874909404
1,Characteristics Only,1,0.6136740581240021
1,Characteristics Only,0,0.24194818411129404
0,Characteristics Only,0,0.37217821117704275
0,Characteristics Only,1,0.6214874649042088
1,Characteristics Only,1,0.5749145449270766
1,Characteristics Only,0,0.45812818905909103
0,Characteristics Only,0,0.37858064981449385
0,Characteristics Only,0,0.4842303644453043
0,Characteristics Only,0,0.37151329256452253
1,Characteristics Only,1,0.6086991614330692
0,Characteristics Only,0,0.23994330671462522
0,Characteristics Only,1,0.7997597282049325
0,Characteristics Only,0,0.4715653725403161
0,Characteristics Only,1,0.6020034823898194
1,Characteristics Only,1,0.7095506837567076
1,Characteristics Only,1,0.6059120763442677
0,Characteristics Only,0,0.10419754863476614
1,Characteristics Only,1,0.6452259114941507
1,Characteristics Only,0,0.35897437247541836
0,Characteristics Only,1,0.5587832713737784
0,Characteristics Only,0,0.23994330671462522
1,Characteristics Only,0,0.37217821117704275
1,Characteristics Only,0,0.4176271623158887
0,Characteristics Only,0,0.40647836690635025
1,Characteristics Only,0,0.23812927629172195
0,Characteristics Only,0,0.3417269548200117
0,Characteristics Only,0,0.39176428669251123
1,Characteristics Only,0,0.30360967728021704
1,Characteristics Only,1,0.514482755117208
1,Characteristics Only,1,0.5300674175985366
0,Characteristics Only,0,0.4816257654860357
1,Characteristics Only,1,0.5135209728784945
0,Characteristics Only,0,0.42046159225491486
1,Characteristics Only,0,0.4993392367620364
0,Characteristics Only,1,0.5101719734651924
0,Characteristics Only,0,0.1649221217136492
0,Characteristics Only,0,0.36841085157895015
1,Characteristics Only,1,0.560097561376311
0,Characteristics Only,1,0.560097561376311
0,Characteristics Only,0,0.22097069543673947
0,Characteristics Only,1,0.5300674175985366
1,Characteristics Only,1,0.6319368400371026
0,Characteristics Only,0,0.45812818905909103
1,Characteristics Only,0,0.25212635477448214
0,Characteristics Only,0,0.28399726001345577
0,Characteristics Only,0,0.23994330671462522
1,Characteristics Only,0,0.4842303644453043
1,Characteristics Only,0,0.42365262507735807
0,Characteristics Only,0,0.17844682047439833
0,Characteristics Only,0,0.3265681705815078
0,Characteristics Only,0,0.28399726001345577
0,Characteristics Only,0,0.3378564020422622
0,Characteristics Only,0,0.22740135523509272
1,Characteristics Only,0,0.4125444058166776
1,Characteristics Only,0,0.48378464271889865
1,Characteristics Only,1,0.5300674175985366
0,Characteristics Only,0,0.35418714565671994
0,Characteristics Only,0,0.27842183772518586
1,Characteristics Only,1,0.6125877904793153
0,Characteristics Only,0,0.2672368427991555
0,Characteristics Only,0,0.39628018874909404
1,Characteristics Only,1,0.8234320171318182
0,Characteristics Only,0,0.42365262507735807
1,Characteristics Only,0,0.3433689488479461
1,Characteristics Only,1,0.560097561376311
1,Characteristics Only,0,0.2824538705121495
0,Characteristics Only,0,0.3932454211078191
1,Characteristics Only,0,0.32287281822718766
0,Characteristics Only,0,0.39176428669251123
1,Characteristics Only,1,0.6057507538421602
1,Characteristics Only,1,0.5135209728784945
1,Characteristics Only,0,0.2990406995566465
1,Characteristics Only,0,0.45812818905909103
0,Characteristics Only,0,0.1871339580567692
0,Characteristics Only,0,0.42520109950195
0,Characteristics Only,1,0.5135209728784945
0,Characteristics Only,0,0.40183397161039924
0,Characteristics Only,0,0.38414369338875326
0,Characteristics Only,0,0.49512482097684407
0,Characteristics Only,1,0.6352172495238784
0,Characteristics Only,1,0.560097561376311
0,Characteristics Only,0,0.38910830659859835
0,Characteristics Only,0,0.37217821117704275
1,Characteristics Only,0,0.39628018874909404
0,Characteristics Only,0,0.45202637578620053
1,Characteristics Only,1,0.9295582441688489
1,Characteristics Only,0,0.12703811390616043
0,Characteristics Only,0,0.28318451305460446
0,Characteristics Only,0,0.4816257654860357
0,Characteristics Only,0,0.23994330671462522
0,Characteristics Only,0,0.3019621579627374
0,Characteristics Only,0,0.25212635477448214
1,Characteristics Only,0,0.45812818905909103
0,Characteristics Only,0,0.37586179324917
0,Characteristics Only,0,0.45812818905909103
0,Characteristics Only,0,0.4125444058166776
1,Characteristics Only,1,0.903824163414108
0,Characteristics Only,0,0.21536123711265467
0,Characteristics Only,0,0.1451536659098595
0,Characteristics Only,0,0.2808118597372025
0,Characteristics Only,0,0.4378550648983778
1,Logistic Regression,1,0.7731007266358446
1,Logistic Regression,1,0.9632715503945903
0,Logistic Regression,0,0.26890007991482845
0,Logistic Regression,1,0.7130243149899931
1,Logistic Regression,1,0.6439319902410591
1,Logistic Regression,1,0.6238657440838974
0,Logistic Regression,0,0.1708202909055949
0,Logistic Regression,0,0.13568771207109487
0,Logistic Regression,1,0.5920704593436957
1,Logistic Regression,1,0.9962425403377901
1,Logistic Regression,0,0.3269565780677431
0,Logistic Regression,0,0.17676049982970662
1,Logistic Regression,1,0.7276421648194771
0,Logistic Regression,1,0.6870140202166212
1,Logistic Regression,0,0.13723211363284765
0,Logistic Regression,0,0.15617424864341972
0,Logistic Regression,0,0.1240875844733745
0,Logistic Regression,0,0.06205035333604172
1,Logistic Regression,1,0.6502053130625166
1,Logistic Regression,0,0.3709088264026834
0,Logistic Regression,0,0.13019327564800215
1,Logistic Regression,1,0.9058489454304894
1,Logistic Regression,1,0.6817825129857671
1,Logistic Regression,0,0.26316243312716675
0,Logistic Regression,0,0.11356566628398188
0,Logistic Regression,0,0.0279731565409401
1,Logistic Regression,1,0.9860609197571528
1,Logistic Regression,1,0.8738855983225088
1,Logistic Regression,1,0.9122465712169919
0,Logistic Regression,0,0.05571013779675898
1,Logistic Regression,0,0.4651298305636954
1,Logistic Regression,1,0.5235193926041578
1,Logistic Regression,1,0.7897464678551831
0,Logistic Regression,0,0.05656185083844641
0,Logistic Regression,0,0.016619941311772107
1,Logistic Regression,1,0.9081048559010434
0,Logistic Regression,1,0.7139104440623708
1,Logistic Regression,0,0.32489916596337376
0,Logistic Regression,0,0.14031650772623086
1,Logistic Regression,1,0.7349533175808333
1,Logistic Regression,1,0.5674451617184902
1,Logistic Regression,1,0.9326914223787435
0,Logistic Regression,0,0.16345611909916521
0,Logistic Regression,0,0.1255330878587617
0,Logistic Regression,0,0.04433448582856184
0,Logistic Regression,1,0.6952594083818787
0,Logistic Regression,0,0.005520443748966509
1,Logistic Regression,1,0.9938620665080894
1,Logistic Regression,1,0.7008609159548919
0,Logistic Regression,0,0.03434927679308066
1,Logistic Regression,0,0.477514856344751
0,Logistic Regression,1,0.7277407256373147
0,Logistic Regression,1,0.5247069234422699
0,Logistic Regression,1,0.6044916509098932
0,Logistic Regression,0,0.1878317430607559
0,Logistic Regression,1,0.5866684155026873
1,Logistic Regression,1,0.5540795037817815
1,Logistic Regression,1,0.5206420680678259
1,Logistic Regression,1,0.8601459418508995
1,Logistic Regression,1,0.5739622912223261
1,Logistic Regression,0,0.30059310207687184
0,Logistic Regression,0,0.296348004624014
0,Logistic Regression,0,0.006318134179906436
0,Logistic Regression,0,0.26962864006768744
1,Logistic Regression,0,0.0894338410921508
0,Logistic Regression,0,0.02143371097573863
0,Logistic Regression,0,0.1862139237600323
0,Logistic Regression,0,0.2424419878385949
0,Logistic Regression,1,0.7587594296158257
0,Logistic Regression,0,0.014110687204309236
0,Logistic Regression,0,0.034481235400578854
1,Logistic Regression,1,0.5185995465873783
0,Logistic Regression,0,0.05365123170868533
0,Logistic Regression,0,0.2425318194820202
1,Logistic Regression,0,0.4906653353481413
0,Logistic Regression,0,0.0178714174949138
1,Logistic Regression,1,0.8264957454293376
0,Logistic Regression,0,0.2677419433665425
0,Logistic Regression,0,0.013914061238544545
0,Logistic Regression,0,0.024227846213488013
1,Logistic Regression,0,0.19477889120656142
0,Logistic Regression,0,0.1985220580712128
0,Logistic Regression,0,0.21313826689396304
1,Logistic Regression,0,0.2293631673011743
0,Logistic Regression,1,0.5230538346961422
1,Logistic Regression,0,0.4807222107732929
1,Logistic Regression,1,0.6730556458256195
0,Logistic Regression,0,0.2540241473913038
0,Logistic Regression,1,0.6161953983885385
0,Logistic Regression,0,0.05440243349203022
0,Logistic Regression,1,0.7769759815637529
0,Logistic Regression,0,0.02463505412424639
1,Logistic Regression,0,0.43305304355777524
0,Logistic Regression,0,0.2942685538634741
1,Logistic Regression,0,0.19497392472719943
1,Logistic Regression,1,0.9920984926633916
0,Logistic Regression,0,0.49200113150471825
0,Logistic Regression,0,0.1486803685892128
0,Logistic Regression,0,0.019595298083381802
0,Logistic Regression,0,0.13332241093385228
1,Logistic Regression,1,0.9512557557566064
0,Logistic Regression,0,0.1860774530849836
0,Logistic Regression,1,0.6972114319095017
0,Logistic Regression,0,0.021063793322525892
1,Logistic Regression,0,0.46626552160652945
1,Logistic Regression,1,0.5306747433201119
0,Logistic Regression,0,0.1469285123594162
0,Logistic Regression,1,0.5414752292981541
0,Logistic Regression,0,0.34492954151241556
0,Logistic Regression,1,0.525299654773105
1,Logistic Regression,0,0.287486616024967
1,Logistic Regression,0,0.13359427610156438
0,Logistic Regression,1,0.7180942941842793
0,Logistic Regression,0,0.058425545475129556
0,Logistic Regression,0,0.44561959010515767
0,Logistic Regression,0,0.1108079903843637
0,Logistic Regression,1,0.6266299502490535
0,Logistic Regression,1,0.7112647788246889
1,Logistic Regression,0,0.21892925856522752
0,Logistic Regression,0,0.3573305691916068
1,Logistic Regression,1,0.9702825965729353
0,Logistic Regression,0,0.12257221526592994
1,Logistic Regression,1,0.9648267531887094
1,Logistic Regression,1,0.723110528448768
0,Logistic Regression,0,0.3219543692467206
1,Logistic Regression,1,0.8636034338922352
0,Logistic Regression,1,0.5486348040102108
1,Logistic Regression,1,0.5002153575757228
0,Logistic Regression,0,0.4144596765899618
0,Logistic Regression,0,0.4219946675453163
0,Logistic Regression,0,0.03397356488265922
1,Logistic Regression,1,0.7116549026058999
1,Logistic Regression,1,0.5460978723127567
1,Logistic Regression,1,0.5563038017970409
0,Logistic Regression,0,0.013715878731174129
0,Logistic Regression,0,0.1323649888520761
0,Logistic Regression,0,0.03290341101175374
0,Logistic Regression,0,0.22296366355074512
1,Logistic Regression,0,0.42564775661886484
0,Logistic Regression,0,0.001867252416964311
1,Logistic Regression,1,0.8769871896664407
0,Logistic Regression,0,0.17648984579430432
0,Logistic Regression,0,0.18369136830716118
1,Logistic Regression,1,0.7474679566077053
0,Logistic Regression,0,0.04802239240649485
0,Logistic Regression,0,0.3575105221910255
0,Logistic Regression,1,0.6560475477332277
1,Logistic Regression,1,0.7005508846833554
0,Logistic Regression,1,0.5587642822615022
0,Logistic Regression,0,0.14770054181003575
1,Logistic Regression,1,0.7050460872609927
1,Logistic Regression,1,0.907241171951451
0,Logistic Regression,0,0.38529625807838574
0,Logistic Regression,0,0.2708818304184487
0,Logistic Regression,0,0.20698282271811694
1,Logistic Regression,1,0.7220521054870853
0,Logistic Regression,0,0.23267959283562217
1,Logistic Regression,1,0.7329917258716396
0,Logistic Regression,0,0.04855421546140422
1,Logistic Regression,0,0.13927058327165942
0,Logistic Regression,0,0.2499979550314722
1,Logistic Regression,1,0.5460978723127567
0,Logistic Regression,0,0.08628685806932232
1,Logistic Regression,1,0.6661013107886291
0,Logistic Regression,0,0.0017341745311855402
1,Logistic Regression,1,0.6851077582743033
1,Logistic Regression,1,0.7784191566006602
0,Logistic Regression,0,0.23376004838258527
0,Logistic Regression,0,0.28367647124975093
0,Logistic Regression,1,0.6298495237500776
1,Logistic Regression,1,0.9016204380036773
0,Logistic Regression,0,0.07364237862063998
0,Logistic Regression,0,0.3544891190493199
0,Logistic Regression,1,0.6074183231985947
1,Logistic Regression,1,0.528857796941192
1,Logistic Regression,1,0.6354543481829135
1,Logistic Regression,1,0.9499217217379182
1,Logistic Regression,1,0.5416162339515115
0,Logistic Regression,0,0.10747683342631274
0,Logistic Regression,0,0.3737696603642237
0,Logistic Regression,0,0.4799639555508925
1,Logistic Regression,0,0.12367083945334527
0,Logistic Regression,0,0.27066174089656925
0,Logistic Regression,0,0.0248748732097694
1,Logistic Regression,1,0.9873415711720588
1,Logistic Regression,1,0.9236557825150492
0,Logistic Regression,0,0.49526736421076006
0,Logistic Regression,0,0.04710022794508237
1,Logistic Regression,1,0.5057930176059792
1,Logistic Regression,0,0.4290064618089151
0,Logistic Regression,0,0.35144296371581657
0,Logistic Regression,0,0.3049340648916594
0,Logistic Regression,0,0.37329563814382566
1,Logistic Regression,0,0.12429541895778265
0,Logistic Regression,0,0.2208513521187173
0,Logistic Regression,0,0.306228507594787
0,Logistic Regression,1,0.6326113967943202
1,Logistic Regression,1,0.8591002727412698
1,Logistic Regression,1,0.7257996000912199
0,Logistic Regression,0,0.3380450505888445
1,Logistic Regression,1,0.6986998949060647
1,Logistic Regression,0,0.4977351532623746
0,Logistic Regression,0,0.3612349406627131
0,Logistic Regression,0,0.23391543799628267
1,Logistic Regression,1,0.9779809571172283
0,Logistic Regression,0,0.1251401012567279
1,Logistic Regression,1,0.605672039995336
0,Logistic Regression,0,0.45900115355971816
1,Logistic Regression,0,0.17357834428011104
1,Logistic Regression,0,0.4123620132732328
0,Logistic Regression,0,0.16303387837757977
0,Logistic Regression,0,0.24904126730581697
1,Logistic Regression,1,0.9245632820206349
0,Logistic Regression,1,0.606282041026126
1,Logistic Regression,1,0.7248931004773662
0,Logistic Regression,0,0.025645554408522984
0,Logistic Regression,0,0.38416998745479886
0,Logistic Regression,1,0.6008477334986242
1,Logistic Regression,1,0.6774563456857325
0,Logistic Regression,1,0.7593419405060781
1,Logistic Regression,0,0.4326220705423908
0,Logistic Regression,0,0.056967887205260685
1,Logistic Regression,0,0.2015942819274855
1,Logistic Regression,0,0.4533495510330123
0,Logistic Regression,0,0.10611706394777572
1,Logistic Regression,0,0.12567580714643894
1,Logistic Regression,1,0.7749932933390004
0,Logistic Regression,1,0.7551995465672877
0,Logistic Regression,0,0.14357931334129675
0,Logistic Regression,0,0.14453412366906787
0,Logistic Regression,1,0.5341681054701601
0,Logistic Regression,0,0.40343810761905763
0,Logistic Regression,0,0.007570621110604266
0,Logistic Regression,1,0.6220638754683965
1,Logistic Regression,0,0.4379188825313262
0,Logistic Regression,1,0.8282019297047829
0,Logistic Regression,0,0.04826308820981917
1,Logistic Regression,1,0.5372108915354434
1,Logistic Regression,0,0.3111499451551215
1,Logistic Regression,1,0.9515113080937871
0,Logistic Regression,0,0.32307475802885355
0,Logistic Regression,0,0.13885309670486412
0,Logistic Regression,0,0.11574418763119522
0,Logistic Regression,0,0.41895368099010233
1,Logistic Regression,0,0.3772192638052142
0,Logistic Regression,1,0.6003008325082033
0,Logistic Regression,0,0.20102674765609338
1,Logistic Regression,0,0.26149196728676366
1,Logistic Regression,1,0.7105392178942141
0,Logistic Regression,0,0.017010806687006736
0,Logistic Regression,0,0.3347967834298522
0,Logistic Regression,0,0.031365270985847724
0,Logistic Regression,0,0.2857794403423854
0,Logistic Regression,0,0.441434206730667
0,Logistic Regression,0,0.40744351523251804
1,Logistic Regression,1,0.7577390069277955
0,Logistic Regression,0,0.2513011193403891
1,Logistic Regression,0,0.42599689947283154
1,Logistic Regression,0,0.49929690347778233
0,Logistic Regression,0,0.09016340325234108
1,Logistic Regression,1,0.8136547543766888
0,Logistic Regression,0,0.2569430773074209
1,Logistic Regression,0,0.42551854413196116
0,Logistic Regression,0,0.3656248414745639
0,Logistic Regression,0,0.0013845592908072334
0,Logistic Regression,0,0.2047827646754017
0,Logistic Regression,1,0.5036444926132854
1,Logistic Regression,1,0.9402385226830741
0,Logistic Regression,0,0.14081335869569298
0,Logistic Regression,0,0.06660055571224675
0,Logistic Regression,0,0.4668267476526491
0,Logistic Regression,0,0.16819051443763594
1,Logistic Regression,0,0.12486316489854378
1,Logistic Regression,1,0.988768592722982
0,Logistic Regression,0,0.06336369589786364
1,Logistic Regression,1,0.6705630768827417
0,Logistic Regression,0,0.09577105287235252
0,Logistic Regression,0,0.3321131799284296
1,Logistic Regression,0,0.3154178978934776
0,Logistic Regression,0,0.21398322105430642
0,Logistic Regression,0,0.4383877102397093
0,Logistic Regression,0,0.22350079267337183
0,Logistic Regression,0,0.016359338597086843
0,Logistic Regression,0,0.3907841669196011
0,Logistic Regression,0,0.37554786612449714
0,Logistic Regression,0,0.40651835692863403
0,Logistic Regression,1,0.5481338879442716
0,Logistic Regression,0,0.3641771102779842
1,Logistic Regression,1,0.548367367206882
1,Logistic Regression,1,0.5842321619014562
1,Logistic Regression,0,0.4598658536262301
1,Logistic Regression,1,0.5885744023264524
0,Logistic Regression,0,0.061373882120104396
1,Logistic Regression,1,0.8978534487621045
0,Logistic Regression,0,0.19907811652607402
0,Logistic Regression,1,0.7947857493726389
1,Logistic Regression,0,0.40086393100501383
1,Logistic Regression,1,0.7211329299867788
1,Logistic Regression,0,0.45380078168226484
0,Logistic Regression,1,0.5332255947621183
0,Logistic Regression,0,0.11907032197948259
1,Logistic Regression,0,0.30871044359734073
1,Logistic Regression,0,0.49320637467215217
0,Logistic Regression,1,0.7863245731353604
0,Logistic Regression,0,0.00022863655099781562
1,Logistic Regression,1,0.9803207911280091
1,Logistic Regression,0,0.36084374111187384
0,Logistic Regression,0,0.3266051682145839
1,Logistic Regression,0,0.21057068766643844
1,Logistic Regression,1,0.6414927769996449
1,Logistic Regression,1,0.7470183809302553
1,Logistic Regression,1,0.6265106147923044
0,Logistic Regression,0,0.4004558618738091
0,Logistic Regression,1,0.6078351519592526
1,Logistic Regression,1,0.5205515855054518
0,Logistic Regression,0,0.10215805874166828
1,Logistic Regression,0,0.42252043013593776
0,Logistic Regression,0,0.3373137440040712
0,Logistic Regression,1,0.6755305045469596
0,Logistic Regression,0,0.20493245364662216
1,Logistic Regression,1,0.5293415052053884
0,Logistic Regression,0,0.34273512235426945
1,Logistic Regression,1,0.952029206443063
0,Logistic Regression,0,0.17622183243446893
1,Logistic Regression,1,0.9381693807222559
1,Logistic Regression,1,0.7795738802928155
1,Logistic Regression,0,0.43080235201123157
1,Logistic Regression,0,0.4245091438070418
1,Logistic Regression,1,0.7277422920940898
0,Logistic Regression,1,0.6666279824521676
0,Logistic Regression,0,0.3653678413823415
1,Logistic Regression,0,0.23195400652861428
1,Logistic Regression,1,0.8942055022665689
1,Logistic Regression,0,0.3209049442542815
1,Logistic Regression,1,0.7778296172662758
0,Logistic Regression,1,0.7870243929385067
0,Logistic Regression,0,0.2722143970127928
1,Logistic Regression,1,0.6522210470658878
0,Logistic Regression,1,0.6132089852043952
0,Logistic Regression,0,0.08221449879339626
1,Logistic Regression,1,0.755948647614937
0,Logistic Regression,1,0.6395398065775253
1,Logistic Regression,0,0.47817022477600224
1,Logistic Regression,0,0.3297313263138696
0,Logistic Regression,0,0.45380078168226484
0,Logistic Regression,1,0.8067081737194812
0,Logistic Regression,0,0.093321819717604
1,Logistic Regression,1,0.5733885259926583
0,Logistic Regression,0,0.2122447371895947
0,Logistic Regression,0,0.38304618623847814
0,Logistic Regression,0,0.2978217669238518
0,Logistic Regression,0,0.02707929578989241
1,Logistic Regression,1,0.9002891839611242
0,Logistic Regression,0,0.34675693069927876
0,Logistic Regression,1,0.6286968785745166
0,Logistic Regression,0,0.07430143420145707
1,Logistic Regression,1,0.5348220474551336
1,Logistic Regression,0,0.10221013704016345
0,Logistic Regression,0,0.12759902869271464
0,Logistic Regression,0,0.14009306091218332
0,Logistic Regression,0,0.14585457760468049
1,Logistic Regression,1,0.5368965816617497
0,Logistic Regression,0,0.0518599565144943
0,Logistic Regression,0,0.2951882301041115
0,Logistic Regression,1,0.6414269139825776
1,Logistic Regression,0,0.14954331277481098
0,Logistic Regression,0,0.4814178774235776
1,Logistic Regression,1,0.642612091815792
0,Logistic Regression,0,0.4384662984084332
0,Logistic Regression,1,0.5019458964781789
1,Logistic Regression,1,0.9986676407223288
1,Logistic Regression,1,0.8913417869064915
0,Logistic Regression,0,0.28620949554362346
0,Logistic Regression,0,0.44903782492038397
1,Logistic Regression,1,0.6268808822350731
1,Logistic Regression,1,0.7804718304686694
1,Logistic Regression,1,0.7555788602251986
1,Logistic Regression,0,0.18321255829853805
0,Logistic Regression,1,0.5491550575033285
1,Logistic Regression,1,0.5374845686385629
1,Logistic Regression,1,0.5580325100189766
0,Logistic Regression,0,0.13312893134883538
1,Logistic Regression,1,0.6401154301422289
0,Logistic Regression,0,0.008299984131738998
1,Logistic Regression,1,0.9465001391043252
0,Logistic Regression,0,0.25494614066700994
0,Logistic Regression,0,0.3144585265362339
0,Logistic Regression,0,0.28111643369548756
0,Logistic Regression,0,0.09720491833570039
1,Logistic Regression,1,0.7470225808722717
0,Logistic Regression,0,0.14079654187632795
0,Logistic Regression,1,0.5044328639573126
0,Logistic Regression,1,0.8266125154282659
0,Logistic Regression,0,0.0002734086769623674
1,Logistic Regression,1,0.6637865110574257
0,Logistic Regression,0,0.22282170303739948
0,Logistic Regression,0,0.25905656180642633
0,Logistic Regression,0,0.44310243679182115
0,Logistic Regression,0,0.1345102318474008
0,Logistic Regression,1,0.5905123201485177
1,Logistic Regression,1,0.5740834699485082
1,Logistic Regression,1,0.9177710655817607
0,Logistic Regression,0,0.09292519785703009
1,Logistic Regression,1,0.5892109938500434
0,Logistic Regression,0,0.2481222919148587
1,Logistic Regression,1,0.7396761324778908
0,Logistic Regression,0,0.44208902624055246
1,Logistic Regression,0,0.4901626677054684
1,Logistic Regression,0,0.37187518670034986
0,Logistic Regression,0,0.29297485214179253
0,Logistic Regression,0,0.1956860261165467
1,Logistic Regression,1,0.8656408913782929
1,Logistic Regression,1,0.7094434457267735
1,Logistic Regression,1,0.6220638754683965
0,Logistic Regression,0,0.22994536099878227
0,Logistic Regression,0,0.07077177489182923
0,Logistic Regression,1,0.5840904148072779
1,Logistic Regression,0,0.3293925115374677
0,Logistic Regression,0,0.1798757065605467
0,Logistic Regression,0,0.0043888576749669065
0,Logistic Regression,1,0.5802104821505556
0,Logistic Regression,0,0.31946527830983
1,Logistic Regression,1,0.5765281002745569
0,Logistic Regression,0,0.16178141922892353
0,Logistic Regression,0,0.08125422332463729
0,Logistic Regression,1,0.6950273087951457
0,Logistic Regression,0,0.14481670768835872
0,Logistic Regression,0,0.2798476284869238
0,Logistic Regression,0,0.17188515617016034
0,Logistic Regression,1,0.5939141860739473
1,Logistic Regression,0,0.15853790575512672
0,Logistic Regression,0,0.31943873872170253
0,Logistic Regression,0,0.24888624040320753
1,Logistic Regression,1,0.743621941379896
1,Logistic Regression,0,0.3476085531176717
1,Logistic Regression,1,0.8295409861814121
1,Logistic Regression,1,0.8488571361647466
0,Logistic Regression,0,0.24294909692018377
0,Logistic Regression,0,0.1878314026897137
1,Logistic Regression,0,0.45141588172130265
0,Logistic Regression,0,0.04147653129064667
0,Logistic Regression,0,0.3192878631811432
0,Logistic Regression,0,0.2398358061775359
1,Logistic Regression,1,0.6124765136423979
0,Logistic Regression,0,0.04173532606104209
1,Logistic Regression,1,0.6060836626107513
0,Logistic Regression,1,0.6820600040330322
0,Logistic Regression,0,0.06185513057238836
0,Logistic Regression,1,0.7227902788532803
1,Logistic Regression,1,0.8576694068518516
0,Logistic Regression,0,0.05006021905627033
0,Logistic Regression,0,0.39583689057166704
1,Logistic Regression,0,0.18806270662816596
0,Logistic Regression,0,0.07455914472823837
1,Logistic Regression,0,0.361497979717308
0,Logistic Regression,0,0.05799127330914557
0,Logistic Regression,0,0.2709119202102282
1,Logistic Regression,1,0.6098027057891319
0,Logistic Regression,1,0.5315977712504596
1,Logistic Regression,1,0.8877270119462052
1,Logistic Regression,1,0.698501889258591
0,Logistic Regression,0,0.06723529098080523
1,Logistic Regression,1,0.9967048003033597
1,Logistic Regression,1,0.768751444654256
0,Logistic Regression,1,0.6142894246693628
1,Logistic Regression,0,0.44894431151395847
1,Logistic Regression,0,0.49394533133781
0,Logistic Regression,0,0.0026093868100056884
1,Logistic Regression,1,0.8151470040787078
0,Logistic Regression,0,0.25435424997312533
0,Logistic Regression,0,0.3740946051592995
1,Logistic Regression,1,0.6987347904278588
0,Logistic Regression,1,0.5209172600495444
0,Logistic Regression,1,0.7931343945646192
0,Logistic Regression,0,0.32010470763870486
0,Logistic Regression,0,0.0446374466122793
0,Logistic Regression,0,0.32610086866811716
1,Logistic Regression,1,0.8453752481941746
0,Logistic Regression,1,0.5393283825560269
0,Logistic Regression,0,0.37732685393224014
0,Logistic Regression,1,0.5297546578992237
1,Logistic Regression,0,0.4927324548651876
1,Logistic Regression,1,0.6480403895378548
1,Logistic Regression,1,0.5105879829065066
1,Logistic Regression,0,0.0949632247739022
0,Logistic Regression,0,0.0036436644272530663
0,Logistic Regression,0,0.422213048888828
0,Logistic Regression,0,0.08196122870810425
1,Logistic Regression,0,0.3697491637063723
1,Logistic Regression,1,0.5503767825852169
0,Logistic Regression,0,0.0036980524797610185
0,Logistic Regression,1,0.5493468495392922
0,Logistic Regression,0,0.031057281449675445
0,Logistic Regression,0,0.00798016063157315
0,Logistic Regression,0,0.08657803492824762
0,Logistic Regression,0,0.11273257895718682
1,Logistic Regression,1,0.8989184691953561
0,Logistic Regression,1,0.5516235154926264
0,Logistic Regression,0,0.11298530343379887
1,Logistic Regression,1,0.6091021731264524
1,Logistic Regression,0,0.4452001293490777
0,Logistic Regression,1,0.768388450152912
0,Logistic Regression,1,0.8426025451993336
1,Logistic Regression,1,0.5399393793969289
0,Logistic Regression,1,0.6787293629673725
1,Logistic Regression,0,0.4723829938616877
1,Logistic Regression,0,0.48407268758657074
0,Logistic Regression,0,0.08309125425664105
1,Logistic Regression,0,0.32009097398319125
1,Logistic Regression,0,0.43918089111187814
0,Logistic Regression,0,0.36114953987027537
0,Logistic Regression,0,0.4348377519678395
0,Logistic Regression,0,0.06823452738695139
0,Logistic Regression,0,0.09719109096997865
1,Logistic Regression,1,0.852441368103865
0,Logistic Regression,0,0.01227359421426214
1,Logistic Regression,0,0.29397407616506
0,Logistic Regression,0,0.11463304228267182
1,Logistic Regression,1,0.81134938290991
1,Logistic Regression,1,0.7219451638657405
1,Logistic Regression,1,0.5668868788869058
1,Logistic Regression,1,0.7876693323293658
1,Logistic Regression,1,0.7288544877377707
1,Logistic Regression,1,0.8204160513464664
1,Logistic Regression,1,0.5739514222558963
0,Logistic Regression,0,0.3048874519424752
1,Logistic Regression,1,0.8169308601675394
1,Logistic Regression,1,0.7533957086725439
1,Logistic Regression,0,0.3568675059058309
1,Logistic Regression,1,0.9030712940818597
0,Logistic Regression,0,0.37681810674755295
0,Logistic Regression,0,0.3551091879748183
0,Logistic Regression,1,0.7146568961998468
1,Logistic Regression,1,0.5385630661721915
1,Logistic Regression,1,0.8514189621769425
1,Logistic Regression,0,0.19497392472719943
0,Logistic Regression,0,0.4425516873013891
0,Logistic Regression,0,0.05407400528012968
1,Logistic Regression,1,0.6786068198489706
1,Logistic Regression,0,0.4912021595068886
0,Logistic Regression,0,0.39360315579867805
0,Logistic Regression,1,0.518041455594493
0,Logistic Regression,0,0.33404072241673094
1,Logistic Regression,1,0.8591002727412698
0,Logistic Regression,0,0.2297269365341972
0,Logistic Regression,1,0.9138554838304316
0,Logistic Regression,0,0.16383877768325492
0,Logistic Regression,1,0.5373956149574584
1,Logistic Regression,1,0.7031249938248182
1,Logistic Regression,1,0.6055772515375561
0,Logistic Regression,0,0.04398317607415003
1,Logistic Regression,1,0.6597149289578801
1,Logistic Regression,1,0.5223116339122161
0,Logistic Regression,0,0.07923785376806528
0,Logistic Regression,0,0.18140737935421228
1,Logistic Regression,0,0.047318404370993064
1,Logistic Regression,0,0.36583598458818384
0,Logistic Regression,0,0.46888415816062723
1,Logistic Regression,1,0.5549306074118588
0,Logistic Regression,0,0.17250593565834263
0,Logistic Regression,0,0.19661242886065933
1,Logistic Regression,1,0.8775583222123029
1,Logistic Regression,0,0.34267913842898484
1,Logistic Regression,0,0.39586572833657774
0,Logistic Regression,1,0.7604461171960886
1,Logistic Regression,0,0.3788727418574222
0,Logistic Regression,0,0.16671696575473183
1,Logistic Regression,1,0.6945050090005352
0,Logistic Regression,0,0.025696656939067256
0,Logistic Regression,0,0.018020306502461392
0,Logistic Regression,0,0.1554003556334346
1,Logistic Regression,1,0.817846484986054
0,Logistic Regression,0,0.46545820114171865
0,Logistic Regression,0,0.3577487647830035
0,Logistic Regression,0,0.18772732741686948
1,Logistic Regression,0,0.14181661311370616
0,Logistic Regression,0,0.1431134523635946
1,Logistic Regression,0,0.3345776863596712
0,Logistic Regression,0,0.004957582996164969
0,Logistic Regression,0,0.00538284639608601
1,Logistic Regression,1,0.8104930113000751
1,Logistic Regression,1,0.5508975908571719
0,Logistic Regression,0,0.08352610228881074
0,Logistic Regression,1,0.5176637836107444
0,Logistic Regression,0,0.13519683785827893
0,Logistic Regression,0,0.023888670530663195
0,Logistic Regression,0,0.10533287389980309
1,Logistic Regression,0,0.2388587343603537
1,Logistic Regression,0,0.2605228946131791
1,Logistic Regression,1,0.7531276868379714
0,Logistic Regression,1,0.5258779178914883
0,Logistic Regression,0,0.05534453654152066
1,Logistic Regression,1,0.8036607778086752
0,Logistic Regression,0,0.03418325557555939
0,Logistic Regression,0,0.4721725713692763
1,Logistic Regression,1,0.8013740669248725
0,Logistic Regression,0,0.4635257188808378
1,Logistic Regression,1,0.5883194782963442
1,Logistic Regression,1,0.9332973452722768
1,Logistic Regression,0,0.18927404375899629
0,Logistic Regression,1,0.6494129674636988
1,Logistic Regression,1,0.9025543210904019
0,Logistic Regression,0,0.09266452757379845
1,Logistic Regression,1,0.6267142803424166
1,Logistic Regression,1,0.9780818093205084
1,Logistic Regression,1,0.5414637767939955
1,Logistic Regression,1,0.5445823277566954
0,Logistic Regression,0,0.03646470750846449
0,Logistic Regression,1,0.5087459804154427
0,Logistic Regression,0,0.47231348058480405
0,Logistic Regression,0,0.10859968480685016
0,Logistic Regression,0,0.23230285610840481
0,Logistic Regression,1,0.7568598421803742
0,Logistic Regression,0,0.17349515275020894
0,Logistic Regression,1,0.539553934662705
0,Logistic Regression,0,0.21088587289688426
0,Logistic Regression,0,0.26964520151567084
1,Logistic Regression,0,0.40980141308535417
0,Logistic Regression,0,0.2022480352138285
1,Logistic Regression,1,0.9809329543913735
1,Logistic Regression,0,0.10571025664459902
0,Logistic Regression,0,0.3757040812195358
0,Logistic Regression,0,0.3994811274174512
0,Logistic Regression,0,0.06612941321992521
0,Logistic Regression,0,0.08264368051781451
0,Logistic Regression,0,0.016848515275111116
1,Logistic Regression,1,0.9143906794952893
0,Logistic Regression,0,0.06844382894614134
0,Logistic Regression,0,0.183667845514678
0,Logistic Regression,0,0.22548001929439862
1,Logistic Regression,1,0.965130707473058
0,Logistic Regression,0,0.050408642827712194
0,Logistic Regression,0,0.0831200669012336
0,Logistic Regression,0,0.24037573583879537
0,Logistic Regression,1,0.6610246772692072
1,Random Forest,1,0.63
1,Random Forest,1,0.8666666666666667
0,Random Forest,0,0.21333333333333335
0,Random Forest,1,0.7116666666666667
1,Random Forest,0,0.48
1,Random Forest,1,0.8233333333333334
0,Random Forest,0,0.21333333333333335
0,Random Forest,0,0.10416666666666669
0,Random Forest,1,0.5461904761904762
1,Random Forest,1,0.99
1,Random Forest,0,0.11077777777777778
0,Random Forest,0,0.43127777777777776
1,Random Forest,1,0.97
0,Random Forest,1,0.8711666666666668
1,Random Forest,0,0.09833333333333333
0,Random Forest,0,0.10333333333333333
0,Random Forest,0,0.28
0,Random Forest,0,0.05
1,Random Forest,0,0.35688888888888887
1,Random Forest,0,0.44740873015873006
0,Random Forest,0,0.07
1,Random Forest,1,0.7718888888888888
1,Random Forest,1,0.9366666666666666
1,Random Forest,0,0.2916666666666667
0,Random Forest,0,0.12333333333333334
0,Random Forest,0,0.08961111111111113
1,Random Forest,1,0.8211111111111111
1,Random Forest,1,0.8833333333333333
1,Random Forest,0,0.3692182539682539
0,Random Forest,0,0.47
1,Random Forest,0,0.4239444444444444
1,Random Forest,1,0.7968649591149592
1,Random Forest,1,0.8566666666666667
0,Random Forest,0,0.006666666666666667
0,Random Forest,0,0.006666666666666667
1,Random Forest,1,0.8666666666666667
0,Random Forest,1,0.7733333333333333
1,Random Forest,1,0.5333333333333333
0,Random Forest,0,0.22205555555555548
1,Random Forest,1,0.7314444444444445
1,Random Forest,1,0.5666666666666667
1,Random Forest,1,0.96
0,Random Forest,0,0.16333333333333333
0,Random Forest,0,0.20666666666666667
0,Random Forest,0,0.02666666666666667
0,Random Forest,1,0.7466666666666667
0,Random Forest,0,0.006666666666666667
1,Random Forest,1,1.0
1,Random Forest,1,0.8866666666666667
0,Random Forest,0,0.056666666666666664
1,Random Forest,1,0.5033333333333333
0,Random Forest,1,0.773888888888889
0,Random Forest,1,0.56
0,Random Forest,1,0.6133333333333333
0,Random Forest,0,0.07933333333333335
0,Random Forest,1,0.5713888888888888
1,Random Forest,1,0.6733333333333333
1,Random Forest,0,0.25366666666666665
1,Random Forest,1,0.92
1,Random Forest,1,0.9233333333333333
1,Random Forest,0,0.31666666666666665
0,Random Forest,0,0.09333333333333334
0,Random Forest,0,0.0033333333333333335
0,Random Forest,0,0.29033333333333333
1,Random Forest,0,0.27
0,Random Forest,0,0.16833333333333333
0,Random Forest,0,0.2753015873015874
0,Random Forest,0,0.38333333333333336
0,Random Forest,1,0.6683333333333333
0,Random Forest,0,0.11666666666666667
0,Random Forest,0,0.22333333333333333
1,Random Forest,0,0.49333333333333335
0,Random Forest,0,0.20166666666666666
0,Random Forest,0,0.34
1,Random Forest,0,0.49
0,Random Forest,0,0.023333333333333334
1,Random Forest,1,0.8566666666666667
0,Random Forest,1,0.6344444444444445
0,Random Forest,0,0.01
0,Random Forest,0,0.23
1,Random Forest,1,0.7233333333333334
0,Random Forest,0,0.43666666666666665
0,Random Forest,0,0.15333333333333332
1,Random Forest,0,0.5
0,Random Forest,0,0.48583333333333334
1,Random Forest,0,0.47333333333333333
1,Random Forest,0,0.41333333333333333
0,Random Forest,0,0.24
0,Random Forest,1,0.83
0,Random Forest,0,0.06
0,Random Forest,1,0.8766666666666667
0,Random Forest,0,0.20166666666666666
1,Random Forest,1,0.5083333333333333
0,Random Forest,1,0.5733333333333334
1,Random Forest,0,0.14909523809523806
1,Random Forest,1,0.98
0,Random Forest,1,0.8126666666666668
0,Random Forest,0,0.11666666666666667
0,Random Forest,0,0.17666666666666667
0,Random Forest,0,0.0
1,Random Forest,1,0.94
0,Random Forest,0,0.36422222222222217
0,Random Forest,1,0.6633333333333333
0,Random Forest,0,0.13
1,Random Forest,0,0.32666666666666666
1,Random Forest,1,0.8980317460317461
0,Random Forest,1,0.5514444444444444
0,Random Forest,1,0.7933333333333333
0,Random Forest,0,0.42155555555555557
0,Random Forest,1,0.6226335978835981
1,Random Forest,0,0.2794444444444445
1,Random Forest,0,0.1475
0,Random Forest,1,0.9266666666666666
0,Random Forest,0,0.07888888888888888
0,Random Forest,0,0.38777777777777783
0,Random Forest,0,0.10766666666666666
0,Random Forest,1,0.5800198412698412
0,Random Forest,1,0.8765000000000002
1,Random Forest,1,0.8097698412698412
0,Random Forest,1,0.6533333333333333
1,Random Forest,1,0.92
0,Random Forest,0,0.12627777777777774
1,Random Forest,1,0.8633333333333333
1,Random Forest,1,0.8166666666666667
0,Random Forest,0,0.37833333333333335
1,Random Forest,1,0.7066666666666667
0,Random Forest,1,0.53
1,Random Forest,0,0.41367460317460314
0,Random Forest,1,0.5166666666666667
0,Random Forest,0,0.20916666666666667
0,Random Forest,0,0.4066666666666667
1,Random Forest,1,0.832
1,Random Forest,1,0.6075105820105823
1,Random Forest,1,0.73
0,Random Forest,0,0.08333333333333333
0,Random Forest,0,0.24666666666666667
0,Random Forest,0,0.07666666666666666
0,Random Forest,0,0.2747222222222222
1,Random Forest,1,0.7366666666666667
0,Random Forest,0,0.01
1,Random Forest,1,0.94
0,Random Forest,0,0.2966666666666667
0,Random Forest,0,0.31166666666666665
1,Random Forest,1,0.8633333333333333
0,Random Forest,0,0.05
0,Random Forest,0,0.4116666666666667
0,Random Forest,1,0.8133333333333334
1,Random Forest,1,0.7333333333333333
0,Random Forest,0,0.41200000000000003
0,Random Forest,0,0.23333333333333334
1,Random Forest,1,0.7555555555555555
1,Random Forest,1,0.7433333333333333
0,Random Forest,0,0.2986111111111111
0,Random Forest,1,0.8133333333333334
0,Random Forest,0,0.38666666666666666
1,Random Forest,1,0.7633333333333333
0,Random Forest,0,0.24333333333333335
1,Random Forest,1,0.93
0,Random Forest,0,0.0
1,Random Forest,0,0.09896825396825398
0,Random Forest,0,0.15
1,Random Forest,1,0.6075105820105823
0,Random Forest,0,0.24777777777777776
1,Random Forest,1,0.73
0,Random Forest,0,0.006666666666666667
1,Random Forest,1,0.8082777777777778
1,Random Forest,1,0.8066666666666666
0,Random Forest,0,0.3448809523809524
0,Random Forest,0,0.26
0,Random Forest,1,0.72
1,Random Forest,1,0.9958333333333333
0,Random Forest,0,0.04
0,Random Forest,0,0.27
0,Random Forest,0,0.49333333333333335
1,Random Forest,0,0.4666666666666667
1,Random Forest,1,0.54
1,Random Forest,1,0.9333333333333333
1,Random Forest,1,0.58
0,Random Forest,0,0.24
0,Random Forest,1,0.6006375661375661
0,Random Forest,1,0.8326825396825397
1,Random Forest,0,0.3113095238095238
0,Random Forest,0,0.43
0,Random Forest,0,0.056666666666666664
1,Random Forest,1,0.87
1,Random Forest,1,0.9166666666666666
0,Random Forest,1,0.5973306878306879
0,Random Forest,0,0.0675
1,Random Forest,0,0.312
1,Random Forest,0,0.4761666666666666
0,Random Forest,0,0.31402777777777774
0,Random Forest,0,0.15
0,Random Forest,0,0.33888888888888885
1,Random Forest,0,0.21
0,Random Forest,0,0.23666666666666666
0,Random Forest,0,0.3830555555555556
0,Random Forest,1,0.66
1,Random Forest,1,0.9655555555555554
1,Random Forest,1,0.78
0,Random Forest,0,0.44461111111111107
1,Random Forest,1,0.962126984126984
1,Random Forest,1,0.615
0,Random Forest,0,0.34324338624338624
0,Random Forest,0,0.17694444444444446
1,Random Forest,1,0.93
0,Random Forest,0,0.06
1,Random Forest,1,0.8433333333333334
0,Random Forest,1,0.6022222222222222
1,Random Forest,0,0.056666666666666664
1,Random Forest,1,0.5600158730158733
0,Random Forest,0,0.30833333333333335
0,Random Forest,0,0.3386111111111111
1,Random Forest,1,0.8433333333333334
0,Random Forest,1,0.63
1,Random Forest,1,0.71
0,Random Forest,0,0.06333333333333334
0,Random Forest,1,0.535
0,Random Forest,1,0.8533333333333334
1,Random Forest,0,0.40455555555555556
0,Random Forest,1,0.8733333333333333
1,Random Forest,1,0.5381851851851852
0,Random Forest,0,0.13333333333333333
1,Random Forest,0,0.43933333333333335
1,Random Forest,1,0.7433333333333333
0,Random Forest,0,0.0033333333333333335
1,Random Forest,0,0.31666666666666665
1,Random Forest,1,0.8033333333333333
0,Random Forest,1,0.8344444444444444
0,Random Forest,0,0.10333333333333333
0,Random Forest,0,0.09666666666666666
0,Random Forest,1,0.7548439153439154
0,Random Forest,1,0.5498306878306878
0,Random Forest,0,0.07333333333333333
0,Random Forest,1,0.7564259259259256
1,Random Forest,1,0.5075555555555556
0,Random Forest,1,0.9533333333333334
0,Random Forest,0,0.05333333333333334
1,Random Forest,0,0.3641666666666667
1,Random Forest,1,0.62
1,Random Forest,1,0.98
0,Random Forest,0,0.2733333333333333
0,Random Forest,0,0.24333333333333335
0,Random Forest,0,0.03666666666666667
0,Random Forest,1,0.5819232804232805
1,Random Forest,0,0.26666666666666666
0,Random Forest,1,0.52
0,Random Forest,1,0.51
1,Random Forest,1,0.5237777777777777
1,Random Forest,1,0.8833333333333333
0,Random Forest,0,0.14166666666666666
0,Random Forest,1,0.6566666666666666
0,Random Forest,0,0.10666666666666667
0,Random Forest,0,0.15666666666666668
0,Random Forest,0,0.46
0,Random Forest,1,0.5283333333333333
1,Random Forest,1,0.9213333333333332
0,Random Forest,0,0.14333333333333334
1,Random Forest,1,0.6483333333333333
1,Random Forest,1,0.5466666666666666
0,Random Forest,0,0.03333333333333333
1,Random Forest,1,0.8724722222222224
0,Random Forest,0,0.17333333333333334
1,Random Forest,1,0.57
0,Random Forest,0,0.2936111111111111
0,Random Forest,0,0.095
0,Random Forest,1,0.6533333333333333
0,Random Forest,0,0.37
1,Random Forest,1,0.79
0,Random Forest,0,0.13333333333333333
0,Random Forest,0,0.13333333333333333
0,Random Forest,0,0.4946666666666667
0,Random Forest,0,0.13
1,Random Forest,1,0.5083333333333333
1,Random Forest,1,0.8666666666666667
0,Random Forest,0,0.3466666666666667
1,Random Forest,0,0.42103968253968227
0,Random Forest,0,0.21
0,Random Forest,0,0.48
1,Random Forest,0,0.4953888888888888
0,Random Forest,0,0.12583333333333332
0,Random Forest,0,0.31892857142857145
0,Random Forest,0,0.10666666666666667
0,Random Forest,0,0.11
0,Random Forest,0,0.31722222222222224
0,Random Forest,0,0.4913888888888889
0,Random Forest,0,0.3442222222222222
0,Random Forest,1,0.8852380952380952
0,Random Forest,0,0.4091666666666667
1,Random Forest,1,0.5433333333333333
1,Random Forest,1,0.8081666666666666
1,Random Forest,0,0.31266666666666665
1,Random Forest,1,0.6887777777777778
0,Random Forest,0,0.016666666666666666
1,Random Forest,1,0.9066666666666666
0,Random Forest,0,0.15
0,Random Forest,1,0.7666666666666667
1,Random Forest,1,0.7511111111111111
1,Random Forest,1,0.8783333333333333
1,Random Forest,1,0.9858333333333333
0,Random Forest,1,0.6316666666666667
0,Random Forest,0,0.08
1,Random Forest,0,0.09666666666666666
1,Random Forest,1,0.6475
0,Random Forest,1,0.9166666666666666
0,Random Forest,0,0.3122222222222222
1,Random Forest,1,0.92
1,Random Forest,0,0.10305555555555555
0,Random Forest,0,0.32
1,Random Forest,0,0.20833333333333334
1,Random Forest,1,0.73
1,Random Forest,1,0.8877777777777779
1,Random Forest,1,0.78
0,Random Forest,0,0.04777777777777777
0,Random Forest,0,0.41
1,Random Forest,0,0.25293650793650796
0,Random Forest,0,0.16994444444444448
1,Random Forest,1,0.6741666666666667
0,Random Forest,0,0.44916666666666666
0,Random Forest,1,0.6766666666666666
0,Random Forest,0,0.11333333333333333
1,Random Forest,1,0.6866666666666666
0,Random Forest,0,0.20666666666666667
1,Random Forest,1,0.8366666666666667
0,Random Forest,0,0.2633333333333333
1,Random Forest,1,0.8213333333333334
1,Random Forest,1,0.8533333333333334
1,Random Forest,0,0.42333333333333334
1,Random Forest,0,0.30283333333333323
1,Random Forest,1,0.9166666666666666
0,Random Forest,1,0.82
0,Random Forest,0,0.4755555555555555
1,Random Forest,0,0.062222222222222213
1,Random Forest,1,0.66
1,Random Forest,0,0.4375
1,Random Forest,1,0.8047222222222222
0,Random Forest,1,0.6666666666666666
0,Random Forest,0,0.3466666666666667
1,Random Forest,1,0.6033333333333334
0,Random Forest,0,0.30333333333333334
0,Random Forest,0,0.06666666666666667
1,Random Forest,0,0.47851851851851845
0,Random Forest,1,0.6355555555555557
1,Random Forest,1,0.5033333333333333
1,Random Forest,0,0.12666666666666668
0,Random Forest,1,0.9858333333333333
0,Random Forest,1,0.65
0,Random Forest,0,0.26666666666666666
1,Random Forest,1,0.9816666666666665
0,Random Forest,0,0.3827777777777778
0,Random Forest,1,0.5266666666666666
0,Random Forest,0,0.237
0,Random Forest,0,0.13666666666666666
1,Random Forest,1,0.96
0,Random Forest,1,0.5966666666666667
0,Random Forest,1,0.6155555555555556
0,Random Forest,0,0.03666666666666667
1,Random Forest,1,0.55
1,Random Forest,0,0.21
0,Random Forest,0,0.09
0,Random Forest,1,0.6166666666666667
0,Random Forest,0,0.36666666666666664
1,Random Forest,1,0.6733333333333333
0,Random Forest,0,0.06333333333333334
0,Random Forest,0,0.4094603174603174
0,Random Forest,1,0.855
1,Random Forest,1,0.7633333333333333
0,Random Forest,1,0.76
1,Random Forest,1,0.6
0,Random Forest,0,0.24210317460317465
0,Random Forest,1,0.6933333333333335
1,Random Forest,1,0.9966666666666667
1,Random Forest,1,0.7447619047619048
0,Random Forest,0,0.28888888888888886
0,Random Forest,1,0.7533333333333333
1,Random Forest,1,0.692814814814815
1,Random Forest,0,0.22922222222222222
1,Random Forest,1,0.7633333333333333
1,Random Forest,0,0.10022222222222223
0,Random Forest,0,0.37980158730158736
1,Random Forest,1,0.6233333333333333
1,Random Forest,1,0.51
0,Random Forest,0,0.39
1,Random Forest,1,0.6651269841269841
0,Random Forest,0,0.02
1,Random Forest,1,0.85
0,Random Forest,0,0.27
0,Random Forest,0,0.35316666666666674
0,Random Forest,0,0.20333333333333334
0,Random Forest,0,0.11333333333333333
1,Random Forest,1,0.9966666666666667
0,Random Forest,0,0.395
0,Random Forest,0,0.39522222222222225
0,Random Forest,1,0.9933333333333333
0,Random Forest,0,0.01
1,Random Forest,1,0.8733333333333333
0,Random Forest,0,0.13666666666666666
0,Random Forest,0,0.075
0,Random Forest,1,0.6333333333333333
0,Random Forest,0,0.06633333333333333
0,Random Forest,1,0.5879603174603176
1,Random Forest,1,0.7384444444444447
1,Random Forest,1,0.8775
0,Random Forest,0,0.18166666666666667
1,Random Forest,1,0.7166666666666667
0,Random Forest,0,0.4866666666666667
1,Random Forest,1,0.8914933862433863
0,Random Forest,0,0.1161111111111111
1,Random Forest,1,0.5466666666666666
1,Random Forest,1,0.5411111111111111
0,Random Forest,0,0.3466666666666667
0,Random Forest,0,0.285
1,Random Forest,1,0.9311111111111112
1,Random Forest,1,0.7466666666666667
1,Random Forest,1,0.7564259259259256
0,Random Forest,0,0.07694444444444445
0,Random Forest,0,0.05333333333333334
0,Random Forest,1,0.67
1,Random Forest,0,0.36472222222222217
0,Random Forest,0,0.35
0,Random Forest,0,0.12666666666666668
0,Random Forest,1,0.5466666666666666
0,Random Forest,1,0.8394444444444443
1,Random Forest,1,0.53
0,Random Forest,0,0.13333333333333333
0,Random Forest,0,0.09333333333333334
0,Random Forest,1,0.7366666666666667
0,Random Forest,0,0.25666666666666665
0,Random Forest,0,0.38666666666666666
0,Random Forest,0,0.05
0,Random Forest,1,0.7952777777777778
1,Random Forest,0,0.3922222222222222
0,Random Forest,1,0.55
0,Random Forest,0,0.2891666666666667
1,Random Forest,1,0.8516666666666667
1,Random Forest,1,0.86
1,Random Forest,1,0.6366666666666667
1,Random Forest,1,0.88
0,Random Forest,0,0.405
0,Random Forest,0,0.3421296296296297
1,Random Forest,1,0.631357142857143
0,Random Forest,0,0.08666666666666667
0,Random Forest,0,0.18666666666666668
0,Random Forest,1,0.5033333333333333
1,Random Forest,1,0.8066111111111112
0,Random Forest,0,0.10833333333333334
1,Random Forest,1,0.7105555555555556
0,Random Forest,1,0.7417222222222222
0,Random Forest,0,0.20188888888888887
0,Random Forest,1,0.591111111111111
1,Random Forest,1,0.7566666666666667
0,Random Forest,0,0.01
0,Random Forest,0,0.36722222222222217
1,Random Forest,0,0.15
0,Random Forest,0,0.23666666666666666
1,Random Forest,0,0.4767698412698413
0,Random Forest,0,0.04666666666666667
0,Random Forest,0,0.27444444444444444
1,Random Forest,1,0.8912222222222222
0,Random Forest,0,0.11
1,Random Forest,1,0.81
1,Random Forest,1,0.8491666666666666
0,Random Forest,0,0.08
1,Random Forest,1,0.95
1,Random Forest,1,0.7183333333333334
0,Random Forest,0,0.31555555555555553
1,Random Forest,0,0.4266666666666667
1,Random Forest,1,0.7953902116402118
0,Random Forest,0,0.02666666666666667
1,Random Forest,1,0.7833333333333333
0,Random Forest,1,0.5016666666666667
0,Random Forest,0,0.1681349206349206
1,Random Forest,1,0.5476666666666667
0,Random Forest,1,0.66
0,Random Forest,1,0.8866666666666667
0,Random Forest,0,0.44333333333333336
0,Random Forest,0,0.02
0,Random Forest,0,0.49666666666666665
1,Random Forest,1,0.9333333333333333
0,Random Forest,0,0.43833333333333335
0,Random Forest,0,0.006666666666666667
0,Random Forest,1,0.5675952380952382
1,Random Forest,1,0.6763888888888889
1,Random Forest,1,0.6633333333333333
1,Random Forest,1,0.6433333333333333
1,Random Forest,0,0.27366666666666667
0,Random Forest,0,0.085
0,Random Forest,0,0.4288888888888889
0,Random Forest,0,0.042222222222222223
1,Random Forest,0,0.21
1,Random Forest,1,0.5533333333333333
0,Random Forest,0,0.21666666666666667
0,Random Forest,1,0.54
0,Random Forest,0,0.023333333333333334
0,Random Forest,0,0.2798333333333333
0,Random Forest,0,0.21666666666666667
0,Random Forest,0,0.07
1,Random Forest,1,0.7566666666666667
0,Random Forest,1,0.8566666666666667
0,Random Forest,0,0.27
1,Random Forest,1,0.7732222222222224
1,Random Forest,0,0.31666666666666665
0,Random Forest,0,0.27666666666666667
0,Random Forest,1,0.7333333333333333
1,Random Forest,1,0.7433333333333333
0,Random Forest,1,0.5833333333333334
1,Random Forest,1,0.7366666666666667
1,Random Forest,1,0.7502380952380951
0,Random Forest,0,0.08666666666666667
1,Random Forest,0,0.2577777777777778
1,Random Forest,0,0.13412698412698412
0,Random Forest,0,0.422
0,Random Forest,0,0.4027777777777778
0,Random Forest,0,0.19
0,Random Forest,0,0.17
1,Random Forest,1,0.81
0,Random Forest,0,0.01
1,Random Forest,1,0.5516666666666666
0,Random Forest,0,0.08
1,Random Forest,1,0.92
1,Random Forest,1,0.912718253968254
1,Random Forest,1,0.7373730158730161
1,Random Forest,1,0.7166666666666667
1,Random Forest,1,0.8466666666666667
1,Random Forest,1,0.7033333333333334
1,Random Forest,1,0.9352301587301588
0,Random Forest,0,0.38333333333333336
1,Random Forest,1,0.8533333333333334
1,Random Forest,0,0.45
1,Random Forest,1,0.7433333333333333
1,Random Forest,1,0.9266666666666666
0,Random Forest,1,0.8344444444444444
0,Random Forest,0,0.31333333333333335
0,Random Forest,1,0.76
1,Random Forest,0,0.43
1,Random Forest,1,0.6423611111111113
1,Random Forest,0,0.14909523809523806
0,Random Forest,0,0.21
0,Random Forest,0,0.13855555555555557
1,Random Forest,1,0.5316666666666666
1,Random Forest,0,0.38
0,Random Forest,0,0.4238888888888889
0,Random Forest,1,0.5560952380952381
0,Random Forest,0,0.23866666666666664
1,Random Forest,1,0.9655555555555554
0,Random Forest,0,0.17805555555555558
0,Random Forest,1,0.8733333333333333
0,Random Forest,0,0.35
0,Random Forest,1,0.5517777777777778
1,Random Forest,1,0.6920714285714287
1,Random Forest,0,0.4566111111111111
0,Random Forest,0,0.02
1,Random Forest,1,0.7866666666666666
1,Random Forest,0,0.47
0,Random Forest,0,0.3566666666666667
0,Random Forest,0,0.3433333333333333
1,Random Forest,0,0.08333333333333333
1,Random Forest,0,0.33305555555555555
0,Random Forest,0,0.46938888888888886
1,Random Forest,1,0.6333333333333333
0,Random Forest,0,0.3
0,Random Forest,0,0.14333333333333334
1,Random Forest,1,0.8
1,Random Forest,0,0.37166666666666665
1,Random Forest,0,0.4805555555555554
0,Random Forest,1,0.5933333333333334
1,Random Forest,0,0.27138888888888885
0,Random Forest,0,0.36563492063492065
1,Random Forest,1,0.78
0,Random Forest,0,0.04
0,Random Forest,0,0.05333333333333334
0,Random Forest,0,0.39
1,Random Forest,1,0.6233333333333333
0,Random Forest,1,0.5987222222222224
0,Random Forest,1,0.7733333333333333
0,Random Forest,0,0.19
1,Random Forest,0,0.19
0,Random Forest,0,0.023333333333333334
1,Random Forest,0,0.42144444444444434
0,Random Forest,0,0.105
0,Random Forest,0,0.03333333333333333
1,Random Forest,1,0.7833333333333333
1,Random Forest,1,0.5312777777777777
0,Random Forest,0,0.24333333333333335
0,Random Forest,1,0.7283333333333333
0,Random Forest,1,0.58
0,Random Forest,0,0.12
0,Random Forest,0,0.09
1,Random Forest,1,0.5466666666666666
1,Random Forest,0,0.08666666666666667
1,Random Forest,1,0.785
0,Random Forest,0,0.25
0,Random Forest,0,0.11
1,Random Forest,1,0.6
0,Random Forest,0,0.06
0,Random Forest,0,0.23
1,Random Forest,0,0.4766666666666667
0,Random Forest,1,0.736
1,Random Forest,1,0.7266666666666667
1,Random Forest,1,0.7775000000000001
1,Random Forest,0,0.14666666666666667
0,Random Forest,0,0.48805555555555563
1,Random Forest,1,0.7885555555555556
0,Random Forest,0,0.12333333333333334
1,Random Forest,0,0.29164814814814816
1,Random Forest,1,0.8033333333333333
1,Random Forest,1,0.7269444444444445
1,Random Forest,1,0.6666666666666666
0,Random Forest,0,0.02666666666666667
0,Random Forest,0,0.31355555555555553
0,Random Forest,0,0.45166666666666666
0,Random Forest,0,0.043333333333333335
0,Random Forest,0,0.2916666666666667
0,Random Forest,1,0.6230555555555555
0,Random Forest,0,0.4666666666666667
0,Random Forest,0,0.477
0,Random Forest,0,0.22
0,Random Forest,0,0.16333333333333333
1,Random Forest,1,0.6133333333333333
0,Random Forest,0,0.14333333333333334
1,Random Forest,1,0.9933333333333333
1,Random Forest,0,0.35083333333333333
0,Random Forest,0,0.3466666666666667
0,Random Forest,0,0.13894444444444443
0,Random Forest,0,0.09666666666666666
0,Random Forest,0,0.29
0,Random Forest,0,0.16333333333333333
1,Random Forest,1,0.97
0,Random Forest,0,0.054444444444444455
0,Random Forest,0,0.04
0,Random Forest,0,0.08347222222222221
1,Random Forest,1,0.8525
0,Random Forest,0,0.04
0,Random Forest,0,0.1125
0,Random Forest,1,0.515
0,Random Forest,1,0.7466666666666667
